http://d35kx21znie3xm.cloudfront.net/webtheme/assetsLanding-desktop.webp	assetsLanding-desktop.webp
http://d35kx21znie3xm.cloudfront.net/webtheme/assetsLanding-mobile.webp	assetsLanding-mobile.webp
http://d35kx21znie3xm.cloudfront.net/webtheme/homePreLoginBanner-desktop.webp	homePreLoginBanner-desktop.webp
http://d35kx21znie3xm.cloudfront.net/webtheme/homePreLoginBanner-mobile.webp	homePreLoginBanner-mobile.webp
https://d2tfvseypdp8pf.cloudfront.net/assets/img/AnandRathi.webp	AnandRathi.webp
https://d2tfvseypdp8pf.cloudfront.net/assets/img/AxisSecurities.png	AxisSecurities.png
https://d2tfvseypdp8pf.cloudfront.net/assets/img/FastFilling.svg	FastFilling.svg
https://d2tfvseypdp8pf.cloudfront.net/assets/img/Instagram-icon.svg	Instagram-icon.svg
https://d2tfvseypdp8pf.cloudfront.net/assets/img/Sakthi-Finance-logo.png	Sakthi-Finance-logo-2.png
https://d2tfvseypdp8pf.cloudfront.net/assets/img/Youtube-icon.svg	Youtube-icon.svg
https://d2tfvseypdp8pf.cloudfront.net/assets/img/ankur.png	ankur.png
https://d2tfvseypdp8pf.cloudfront.net/assets/img/arrow_back_2.svg	arrow_back_2.svg
https://d2tfvseypdp8pf.cloudfront.net/assets/img/atanu.png	atanu.png
https://d2tfvseypdp8pf.cloudfront.net/assets/img/bhaskar.png	bhaskar.png
https://d2tfvseypdp8pf.cloudfront.net/assets/img/bonds-at-10k-post-login-home.svg	bonds-at-10k-post-login-home.svg
https://d2tfvseypdp8pf.cloudfront.net/assets/img/bubble.svg	bubble.svg
https://d2tfvseypdp8pf.cloudfront.net/assets/img/calc.svg	calc.svg
https://d2tfvseypdp8pf.cloudfront.net/assets/img/centrum.png	centrum-2.png
https://d2tfvseypdp8pf.cloudfront.net/assets/img/cfd-loader.gif	cfd-loader.gif
https://d2tfvseypdp8pf.cloudfront.net/assets/img/cfd-post-login-home.svg	cfd-post-login-home.svg
https://d2tfvseypdp8pf.cloudfront.net/assets/img/check-kyc.svg	check-kyc.svg
https://d2tfvseypdp8pf.cloudfront.net/assets/img/clock-copy.svg	clock-copy.svg
https://d2tfvseypdp8pf.cloudfront.net/assets/img/close.svg	close.svg
https://d2tfvseypdp8pf.cloudfront.net/assets/img/credit-card.svg	credit-card.svg
https://d2tfvseypdp8pf.cloudfront.net/assets/img/customer.svg	customer.svg
https://d2tfvseypdp8pf.cloudfront.net/assets/img/discover-bonds-filters.svg	discover-bonds-filters.svg
https://d2tfvseypdp8pf.cloudfront.net/assets/img/encrypted.svg	encrypted.svg
https://d2tfvseypdp8pf.cloudfront.net/assets/img/explore-collection-right-arrow.svg	explore-collection-right-arrow.svg
https://d2tfvseypdp8pf.cloudfront.net/assets/img/explore-fd-component/check_circle.svg	check_circle.svg
https://d2tfvseypdp8pf.cloudfront.net/assets/img/explore-fd-component/header-bank.png	header-bank.png
https://d2tfvseypdp8pf.cloudfront.net/assets/img/explore-fd-component/header-nbfc.png	header-nbfc.png
https://d2tfvseypdp8pf.cloudfront.net/assets/img/explore-fd-component/header-tax-saving.png	header-tax-saving.png
https://d2tfvseypdp8pf.cloudfront.net/assets/img/facebook-icon.svg	facebook-icon.svg
https://d2tfvseypdp8pf.cloudfront.net/assets/img/finance_mode_gold.svg	finance_mode_gold.svg
https://d2tfvseypdp8pf.cloudfront.net/assets/img/gift.png	gift.png
https://d2tfvseypdp8pf.cloudfront.net/assets/img/goldenpi-logo-white.svg	goldenpi-logo-white.svg
https://d2tfvseypdp8pf.cloudfront.net/assets/img/high-rated.svg	high-rated.svg
https://d2tfvseypdp8pf.cloudfront.net/assets/img/high.svg	high.svg
https://d2tfvseypdp8pf.cloudfront.net/assets/img/highest-yiels-bonds-post-login-home.svg	highest-yiels-bonds-post-login-home.svg
https://d2tfvseypdp8pf.cloudfront.net/assets/img/info.svg	info.svg
https://d2tfvseypdp8pf.cloudfront.net/assets/img/ipo-cancelled.png	ipo-cancelled.png
https://d2tfvseypdp8pf.cloudfront.net/assets/img/ipo-post-login.svg	ipo-post-login.svg
https://d2tfvseypdp8pf.cloudfront.net/assets/img/linkdin-icon.svg	linkdin-icon.svg
https://d2tfvseypdp8pf.cloudfront.net/assets/img/logo.svg	logo.svg
https://d2tfvseypdp8pf.cloudfront.net/assets/img/low.svg	low.svg
https://d2tfvseypdp8pf.cloudfront.net/assets/img/medium.svg	medium.svg
https://d2tfvseypdp8pf.cloudfront.net/assets/img/mobile-app-qr.svg	mobile-app-qr.svg
https://d2tfvseypdp8pf.cloudfront.net/assets/img/moni.png	moni.png
https://d2tfvseypdp8pf.cloudfront.net/assets/img/monthly-bonds.svg	monthly-bonds-2.svg
https://d2tfvseypdp8pf.cloudfront.net/assets/img/ncd-ipo-post-login-home.svg	ncd-ipo-post-login-home.svg
https://d2tfvseypdp8pf.cloudfront.net/assets/img/need-help-img.svg	need-help-img.svg
https://d2tfvseypdp8pf.cloudfront.net/assets/img/notify-bell.svg	notify-bell.svg
https://d2tfvseypdp8pf.cloudfront.net/assets/img/out-of-stock.svg	out-of-stock.svg
https://d2tfvseypdp8pf.cloudfront.net/assets/img/patrique.png	patrique.png
https://d2tfvseypdp8pf.cloudfront.net/assets/img/pi.svg	pi.svg
https://d2tfvseypdp8pf.cloudfront.net/assets/img/post-desk.png	post-desk.png
https://d2tfvseypdp8pf.cloudfront.net/assets/img/post-login-cfd-home.svg	post-login-cfd-home.svg
https://d2tfvseypdp8pf.cloudfront.net/assets/img/post-login-home-assets-product-view-all-arrow.svg	post-login-home-assets-product-view-all-arrow.svg
https://d2tfvseypdp8pf.cloudfront.net/assets/img/post-login-ipo/ipo-1.png	ipo-1.png
https://d2tfvseypdp8pf.cloudfront.net/assets/img/post-login-ipo/ipo-2.png	ipo-2.png
https://d2tfvseypdp8pf.cloudfront.net/assets/img/post-login-ipo/ipo-3.png	ipo-3.png
https://d2tfvseypdp8pf.cloudfront.net/assets/img/post-login-ipo/ipo-4.png	ipo-4.png
https://d2tfvseypdp8pf.cloudfront.net/assets/img/post-login-ipo/ipo-rocket 2x.png	ipo-rocket-2x.png
https://d2tfvseypdp8pf.cloudfront.net/assets/img/post-login-ncd-info.svg	post-login-ncd-info.svg
https://d2tfvseypdp8pf.cloudfront.net/assets/img/post-login-ncd.svg	post-login-ncd.svg
https://d2tfvseypdp8pf.cloudfront.net/assets/img/rating.svg	rating.svg
https://d2tfvseypdp8pf.cloudfront.net/assets/img/redo-kyc.svg	redo-kyc.svg
https://d2tfvseypdp8pf.cloudfront.net/assets/img/ref-header.svg	ref-header.svg
https://d2tfvseypdp8pf.cloudfront.net/assets/img/refresh.svg	refresh.svg
https://d2tfvseypdp8pf.cloudfront.net/assets/img/rv-right-arrow.svg	rv-right-arrow.svg
https://d2tfvseypdp8pf.cloudfront.net/assets/img/search-icon.svg	search-icon.svg
https://d2tfvseypdp8pf.cloudfront.net/assets/img/share-icon.svg	share-icon.svg
https://d2tfvseypdp8pf.cloudfront.net/assets/img/shyju.png	shyju.png
https://d2tfvseypdp8pf.cloudfront.net/assets/img/sitikantha.png	sitikantha.png
https://d2tfvseypdp8pf.cloudfront.net/assets/img/sivasakthi.png	sivasakthi.png
https://d2tfvseypdp8pf.cloudfront.net/assets/img/star.gif	star.gif
https://d2tfvseypdp8pf.cloudfront.net/assets/img/subscribe-done.svg	subscribe-done.svg
https://d2tfvseypdp8pf.cloudfront.net/assets/img/subscribe-popup.svg	subscribe-popup.svg
https://d2tfvseypdp8pf.cloudfront.net/assets/img/sumit.png	sumit.png
https://d2tfvseypdp8pf.cloudfront.net/assets/img/tent-icon.svg	tent-icon.svg
https://d2tfvseypdp8pf.cloudfront.net/assets/img/thank-you.svg	thank-you.svg
https://d2tfvseypdp8pf.cloudfront.net/assets/img/twitter-icon.svg	twitter-icon.svg
https://d2tfvseypdp8pf.cloudfront.net/assets/img/upload-cloud-img.svg	upload-cloud-img.svg
https://d2tfvseypdp8pf.cloudfront.net/assets/img/verified_user.svg	verified_user.svg
https://d2tfvseypdp8pf.cloudfront.net/assets/img/watchlist-not.svg	watchlist-not.svg
https://d2tfvseypdp8pf.cloudfront.net/assets/img/write-to-us.svg	write-to-us.svg
https://d2zny4996dl67j.cloudfront.net/blogs/wp-content/uploads/2026/04/08060924/CAPRI-GLOBAL-CAPITAL-LIMITED-NCD-IPO.jpg	CAPRI-GLOBAL-CAPITAL-LIMITED-NCD-IPO.jpg
https://d2zny4996dl67j.cloudfront.net/blogs/wp-content/uploads/2026/06/05145901/Blog-banner-6.png	Blog-banner-6.png
https://d2zny4996dl67j.cloudfront.net/blogs/wp-content/uploads/2026/06/23124646/blog-banner-1.png	blog-banner-1.png
https://d2zny4996dl67j.cloudfront.net/blogs/wp-content/uploads/2026/07/15111003/How-to-Buy-Bonds-in-India-1.jpg	How-to-Buy-Bonds-in-India-1.jpg
https://d2zny4996dl67j.cloudfront.net/blogs/wp-content/uploads/2026/07/18175049/Bond-vs-Fixed-Deposits.jpg	Bond-vs-Fixed-Deposits.jpg
https://d2zny4996dl67j.cloudfront.net/blogs/wp-content/uploads/2026/07/22144007/1-Lakh-Fixed-Deposit-Monthly-Interest-Rate.jpg	1-Lakh-Fixed-Deposit-Monthly-Interest-Rate.jpg
https://d2zny4996dl67j.cloudfront.net/blogs/wp-content/uploads/2026/07/22162211/30-Lakh-Fixed-Deposit-Interest-Per-Month.jpg	30-Lakh-Fixed-Deposit-Interest-Per-Month.jpg
https://d2zny4996dl67j.cloudfront.net/blogs/wp-content/uploads/2026/07/28153529/Ultratech-Cement-to-raise-5000-cr-via-NCDs.jpg	Ultratech-Cement-to-raise-5000-cr-via-NCDs.jpg
https://d2zny4996dl67j.cloudfront.net/blogs/wp-content/uploads/2026/07/29150519/Bind-Portfolio-Allocation.jpg	Bind-Portfolio-Allocation.jpg
https://d2zny4996dl67j.cloudfront.net/blogs/wp-content/uploads/2026/07/29162237/Bond-Investment-Strategy-for-Young-Professional-and-Pre-Retirees.jpg	Bond-Investment-Strategy-for-Young-Professional-and-Pre-Retirees.jpg
https://d2zny4996dl67j.cloudfront.net/blogs/wp-content/uploads/2026/08/06123305/NCD-Yield-in-2026.jpg	NCD-Yield-in-2026.jpg
https://d2zny4996dl67j.cloudfront.net/blogs/wp-content/uploads/2026/08/06154157/How-India-Real-Interest-Rate-Compare-with-Markets.jpg	How-India-Real-Interest-Rate-Compare-with-Markets.jpg
https://d35kx21znie3xm.cloudfront.net/images/5percent.png	5percent.png
https://d35kx21znie3xm.cloudfront.net/images/SVG (1).png	SVG-1-.png
https://d35kx21znie3xm.cloudfront.net/images/arrow-right.svg	arrow-right.svg
https://d35kx21znie3xm.cloudfront.net/images/image1.svg	image1.svg
https://d35kx21znie3xm.cloudfront.net/images/image10.svg	image10.svg
https://d35kx21znie3xm.cloudfront.net/images/image11.svg	image11.svg
https://d35kx21znie3xm.cloudfront.net/images/image12.svg	image12.svg
https://d35kx21znie3xm.cloudfront.net/images/image13.svg	image13.svg
https://d35kx21znie3xm.cloudfront.net/images/image2.svg	image2.svg
https://d35kx21znie3xm.cloudfront.net/images/image4.svg	image4.svg
https://d35kx21znie3xm.cloudfront.net/images/phone-icon.svg	phone-icon.svg
https://d35kx21znie3xm.cloudfront.net/images/shield.png	shield.png
https://d35kx21znie3xm.cloudfront.net/images/support-icon.svg	support-icon.svg
https://d35kx21znie3xm.cloudfront.net/images/trophy.png	trophy.png
https://d35kx21znie3xm.cloudfront.net/images/users.png	users.png
https://goldenpi.com/assets/img/acute.svg	acute.svg
https://goldenpi.com/assets/img/christmas/desktop-post-christmas.jpg	desktop-post-christmas.jpg
https://goldenpi.com/assets/img/christmas/mobile-post-christmas.jpg	mobile-post-christmas.jpg
https://goldenpi.com/assets/img/encrypted.svg	encrypted-2.svg
https://goldenpi.com/assets/img/pending-order-arrow-down.svg	pending-order-arrow-down.svg
https://goldenpi.com/assets/img/pending-order-arrow-up.svg	pending-order-arrow-up.svg
https://goldenpi.com/assets/img/post-login-ipo/3-steps.png	3-steps.png
https://goldenpi.com/assets/img/post-login-ipo/4-steps.png	4-steps.png
https://goldenpi.com/assets/img/testimonial-next.png	testimonial-next.png
https://goldenpi.com/assets/img/testimonial-prev.png	testimonial-prev.png
https://s3.ap-south-1.amazonaws.com/production.goldenpi.com/static/blogImages/Blogs-1.jpg	Blogs-1.jpg
https://s3.ap-south-1.amazonaws.com/production.goldenpi.com/static/blogImages/Blogs-3.jpg	Blogs-3.jpg
https://s3.ap-south-1.amazonaws.com/production.goldenpi.com/static/blogImages/Blogs-4.jpg	Blogs-4.jpg
https://s3.ap-south-1.amazonaws.com/production.goldenpi.com/static/blogImages/CB-1.JPG	CB-1.JPG
https://s3.ap-south-1.amazonaws.com/production.goldenpi.com/static/blogImages/CB-2.JPG	CB-2.JPG
https://s3.ap-south-1.amazonaws.com/production.goldenpi.com/static/blogImages/CB-3.JPG	CB-3.JPG
https://s3.ap-south-1.amazonaws.com/production.goldenpi.com/static/blogImages/CFD-1.JPG	CFD-1.JPG
https://s3.ap-south-1.amazonaws.com/production.goldenpi.com/static/blogImages/CFD-2.JPG	CFD-2.JPG
https://s3.ap-south-1.amazonaws.com/production.goldenpi.com/static/blogImages/CFD-4.png	CFD-4.png
https://s3.ap-south-1.amazonaws.com/production.goldenpi.com/static/blogImages/IPO-1.JPG	IPO-1.JPG
https://s3.ap-south-1.amazonaws.com/production.goldenpi.com/static/blogImages/IPO-3.JPG	IPO-3.JPG
https://s3.ap-south-1.amazonaws.com/production.goldenpi.com/static/blogImages/IPO-5.png	IPO-5.png
https://s3.ap-south-1.amazonaws.com/production.goldenpi.com/static/collection_icons/bonds-at-discounted-price.svg	bonds-at-discounted-price.svg
https://s3.ap-south-1.amazonaws.com/production.goldenpi.com/static/collection_icons/bonds-icon.svg	bonds-icon.svg
https://s3.ap-south-1.amazonaws.com/production.goldenpi.com/static/collection_icons/bonds-to-earn-monthly-fixed-income.svg	bonds-to-earn-monthly-fixed-income.svg
https://s3.ap-south-1.amazonaws.com/production.goldenpi.com/static/collection_icons/high-yield-bonds.svg	high-yield-bonds.svg
https://s3.ap-south-1.amazonaws.com/production.goldenpi.com/static/collection_icons/highly-rated-bonds.svg	highly-rated-bonds.svg
https://s3.ap-south-1.amazonaws.com/production.goldenpi.com/static/images/logos/GPID100016.Shriram-Squircle.png	GPID100016.Shriram-Squircle.png
https://s3.ap-south-1.amazonaws.com/production.goldenpi.com/static/images/logos/GPID100133.Kosamattam Finance Limited.png	GPID100133.Kosamattam-Finance-Limited.png
https://s3.ap-south-1.amazonaws.com/production.goldenpi.com/static/images/logos/GPID100379.Bajaj Finserv.png	GPID100379.Bajaj-Finserv.png
https://s3.ap-south-1.amazonaws.com/production.goldenpi.com/static/images/logos/GPID100778.EDELWEISS FINANCIAL SERVICES LIMITED.png	GPID100778.EDELWEISS-FINANCIAL-SERVICES-LIMITED.png
https://s3.ap-south-1.amazonaws.com/production.goldenpi.com/static/images/logos/GPID100936.MUTHOOT FINCORP LIMITED_1@2x.png	GPID100936.MUTHOOT-FINCORP-LIMITED_1-2x.png
https://s3.ap-south-1.amazonaws.com/production.goldenpi.com/static/images/logos/GPID102671.INDEL MONEY LIMITED@2x.png	GPID102671.INDEL-MONEY-LIMITED-2x.png
https://s3.ap-south-1.amazonaws.com/production.goldenpi.com/static/images/logos/GPID102720.AKARA CAPITAL ADVISORS PRIVATE LIMITED@2x.png	GPID102720.AKARA-CAPITAL-ADVISORS-PRIVATE-LIMITED-2x.png
https://s3.ap-south-1.amazonaws.com/production.goldenpi.com/static/images/logos/GPID103761.Screenshot 2024-08-08 171759_11zon.jpg	GPID103761.Screenshot-2024-08-08-171759_11zon.jpg
https://s3.ap-south-1.amazonaws.com/production.goldenpi.com/static/images/logos/GPID104095.Neogrowth new logo (1).jpg	GPID104095.Neogrowth-new-logo-1-.jpg
https://s3.ap-south-1.amazonaws.com/production.goldenpi.com/static/images/logos/GPID105191.Suryoday.png	GPID105191.Suryoday.png
https://s3.ap-south-1.amazonaws.com/production.goldenpi.com/static/images/logos/GPID105192.Unity.png	GPID105192.Unity.png
https://s3.ap-south-1.amazonaws.com/production.goldenpi.com/static/images/logos/GPID105193.Mahindra-Squircle.png	GPID105193.Mahindra-Squircle.png
https://s3.ap-south-1.amazonaws.com/production.goldenpi.com/static/images/logos/GPID106947.utkarsh_logo.png	GPID106947.utkarsh_logo.png
https://s3.ap-south-1.amazonaws.com/production.goldenpi.com/static/images/logos/GPID107347.Best Capital.png	GPID107347.Best-Capital.png
https://s3.ap-south-1.amazonaws.com/production.goldenpi.com/static/images/logos/GPIDO09029.newly_added_bonds.png	GPIDO09029.newly_added_bonds.png
https://s3.ap-south-1.amazonaws.com/static.webhost.goldenpi/images/alert.svg	alert.svg
https://uatnew.goldenpi.com/_next/static/media/1.14x6wagm2sw5g.jpg	1.jpg
https://uatnew.goldenpi.com/_next/static/media/3.0t0u669vyzckk.jpg	3.jpg
https://uatnew.goldenpi.com/_next/static/media/4.0hxk4825ubnss.jpg	4.jpg
https://uatnew.goldenpi.com/_next/static/media/5.3go5aqsk37x5v.jpg	5.jpg
https://uatnew.goldenpi.com/_next/static/media/6.2bvj63wpxz-zd.jpg	6.jpg
https://uatnew.goldenpi.com/_next/static/media/7.0joe0cdr_e65l.jpg	7.jpg
https://uatnew.goldenpi.com/_next/static/media/Sakthi-Finance-logo.2bo0_59pydyvb.png	Sakthi-Finance-logo.png
https://uatnew.goldenpi.com/_next/static/media/abhijit.344szevbzd82f.jpg	abhijit.jpg
https://uatnew.goldenpi.com/_next/static/media/about1.1_f9fy-ubf8a7.svg	about1.svg
https://uatnew.goldenpi.com/_next/static/media/about2.1rq9cvap4w0bo.svg	about2.svg
https://uatnew.goldenpi.com/_next/static/media/anand-rathi.1ttm4k9ukvnyt.webp	anand-rathi.webp
https://uatnew.goldenpi.com/_next/static/media/asset-calender.3vw17ab968pnv.png	asset-calender.png
https://uatnew.goldenpi.com/_next/static/media/asset-locker.29qgfpz0y4b6u.png	asset-locker.png
https://uatnew.goldenpi.com/_next/static/media/axis-securities.2f_4mkz4fd6w4.png	axis-securities.png
https://uatnew.goldenpi.com/_next/static/media/cal.1jylp5k38_24h.svg	cal.svg
https://uatnew.goldenpi.com/_next/static/media/career.33r82-hl75446.svg	career.svg
https://uatnew.goldenpi.com/_next/static/media/cb-hight-return.37267gwp7zrdy.png	cb-hight-return.png
https://uatnew.goldenpi.com/_next/static/media/centrum.03z3lbwh9txmb.png	centrum.png
https://uatnew.goldenpi.com/_next/static/media/cfd-icon.3dz0o4tngkjl5.svg	cfd-icon.svg
https://uatnew.goldenpi.com/_next/static/media/coin-icon.1yejlp41eq2_p.png	coin-icon.png
https://uatnew.goldenpi.com/_next/static/media/desktop_returns.3prsjdx58-i_a.svg	desktop_returns.svg
https://uatnew.goldenpi.com/_next/static/media/diversify-portfolio.407il_h-87cae.png	diversify-portfolio.png
https://uatnew.goldenpi.com/_next/static/media/gold-flash.1qpi4qot8lk1u.svg	gold-flash.svg
https://uatnew.goldenpi.com/_next/static/media/gold-shield.2ek16xts1c_cq.svg	gold-shield.svg
https://uatnew.goldenpi.com/_next/static/media/golden-share.08gzsd2oppt3b.svg	golden-share.svg
https://uatnew.goldenpi.com/_next/static/media/goldenpi-logo.2qzc6yjkqzeqc.svg	goldenpi-logo.svg
https://uatnew.goldenpi.com/_next/static/media/goolden-bookmark.11e1o0hp26zp5.svg	goolden-bookmark.svg
https://uatnew.goldenpi.com/_next/static/media/graph-icon.2i0l_ylt74t1i.png	graph-icon.png
https://uatnew.goldenpi.com/_next/static/media/group-icon.1m09dn4jyb84i.png	group-icon.png
https://uatnew.goldenpi.com/_next/static/media/header-nav-bond-utsav.1hztj7yt4kmfg.svg	header-nav-bond-utsav.svg
https://uatnew.goldenpi.com/_next/static/media/header-nav-bonds-selected.09csq02j0bip6.svg	header-nav-bonds-selected.svg
https://uatnew.goldenpi.com/_next/static/media/header-nav-bonds.1h3kbznfomfnx.svg	header-nav-bonds.svg
https://uatnew.goldenpi.com/_next/static/media/header-nav-collection.2bnl0irrjy91r.svg	header-nav-collection.svg
https://uatnew.goldenpi.com/_next/static/media/header-nav-fd-selected.0bmhvuqmc3wki.svg	header-nav-fd-selected.svg
https://uatnew.goldenpi.com/_next/static/media/header-nav-fd.2fybbqt4y5m_8.svg	header-nav-fd.svg
https://uatnew.goldenpi.com/_next/static/media/header-nav-ref-earn-selected.3fnmx_-578hxc.svg	header-nav-ref-earn-selected.svg
https://uatnew.goldenpi.com/_next/static/media/header-nav-ref-earn.3h7zk2vgdlva2.svg	header-nav-ref-earn.svg
https://uatnew.goldenpi.com/_next/static/media/header-search.2k7bdlgsxljnb.svg	header-search.svg
https://uatnew.goldenpi.com/_next/static/media/hero-shield.2mjcc1ya410_2.png	hero-shield.png
https://uatnew.goldenpi.com/_next/static/media/high-rated.3vw3xd4ubfv4o.webp	high-rated.webp
https://uatnew.goldenpi.com/_next/static/media/investment-process.2wzez7gd0jgvr.gif	investment-process.gif
https://uatnew.goldenpi.com/_next/static/media/ipo-hero-shield-img.2mjcc1ya410_2.png	ipo-hero-shield-img.png
https://uatnew.goldenpi.com/_next/static/media/ipo-hero.2hufneum6tge6.png	ipo-hero.png
https://uatnew.goldenpi.com/_next/static/media/job-location.2siimatufwnn3.svg	job-location.svg
https://uatnew.goldenpi.com/_next/static/media/job-position.1q-36fuynn27k.svg	job-position.svg
https://uatnew.goldenpi.com/_next/static/media/mail.1k_e3d9tjxuxz.svg	mail.svg
https://uatnew.goldenpi.com/_next/static/media/milestone.155-06nfdu11o.png	milestone.png
https://uatnew.goldenpi.com/_next/static/media/money-hand-gesture.366zs0elmedqm.png	money-hand-gesture.png
https://uatnew.goldenpi.com/_next/static/media/money-profit.0mafb8k-6i165.png	money-profit.png
https://uatnew.goldenpi.com/_next/static/media/monthly-bonds.1k0mb4ukxxby3.svg	monthly-bonds.svg
https://uatnew.goldenpi.com/_next/static/media/ncd-hero.20ukdvkosy8ia.png	ncd-hero.png
https://uatnew.goldenpi.com/_next/static/media/online-invest.1gyvzh41vzdza.png	online-invest.png
https://uatnew.goldenpi.com/_next/static/media/online-money.12nmlw8bup4lj.png	online-money.png
https://uatnew.goldenpi.com/_next/static/media/payments.1xqgo5ths806c.png	payments.png
https://uatnew.goldenpi.com/_next/static/media/percentage-icon.23t8bube0n6v6.png	percentage-icon.png
https://uatnew.goldenpi.com/_next/static/media/pre-login-aaa-rated.2yzri-2i0rzrb.svg	pre-login-aaa-rated.svg
https://uatnew.goldenpi.com/_next/static/media/pre-login-active-offers.3kd4f6-qtw9jv.svg	pre-login-active-offers.svg
https://uatnew.goldenpi.com/_next/static/media/pre-login-bonds-at-10k.250oabyj3_uf0.svg	pre-login-bonds-at-10k.svg
https://uatnew.goldenpi.com/_next/static/media/pre-login-home-highest-yield.0crltxxcvfdm4.svg	pre-login-home-highest-yield.svg
https://uatnew.goldenpi.com/_next/static/media/pre-login-ncd-ipo.3lne41h_-mzvo.svg	pre-login-ncd-ipo.svg
https://uatnew.goldenpi.com/_next/static/media/product-info.1bqi10ofkj9ia.png	product-info.png
https://uatnew.goldenpi.com/_next/static/media/rajkumar.1qz26rggb-cc3.jpg	rajkumar.jpg
https://uatnew.goldenpi.com/_next/static/media/refer-and-earn-hero-image-desktop.24u31m94bh90a.png	refer-and-earn-hero-image-desktop.png
https://uatnew.goldenpi.com/_next/static/media/refer-and-earn-hero-image-mobile.0u0ayimi1ot-m.png	refer-and-earn-hero-image-mobile.png
https://uatnew.goldenpi.com/_next/static/media/refer-and-earn-step-1-handshake-desktop.0y87m4p34_1gf.png	refer-and-earn-step-1-handshake-desktop.png
https://uatnew.goldenpi.com/_next/static/media/refer-and-earn-step-1-handshake.37kr3f47075a_.png	refer-and-earn-step-1-handshake.png
https://uatnew.goldenpi.com/_next/static/media/refer-and-earn-step-2-people-desktop.44ita9jz2ao2a.png	refer-and-earn-step-2-people-desktop.png
https://uatnew.goldenpi.com/_next/static/media/refer-and-earn-step-2-people.0h_m3cv3n35pk.png	refer-and-earn-step-2-people.png
https://uatnew.goldenpi.com/_next/static/media/refer-and-earn-step-3-gift-desktop.1egy4ccb6zi77.png	refer-and-earn-step-3-gift-desktop.png
https://uatnew.goldenpi.com/_next/static/media/refer-and-earn-step-3-gift.3tj9-9z0br3sh.png	refer-and-earn-step-3-gift.png
https://uatnew.goldenpi.com/_next/static/media/refer-and-earn-title-desktop.1_qrpcp8ie-26.png	refer-and-earn-title-desktop.png
https://uatnew.goldenpi.com/_next/static/media/refer-and-earn-title-mobile.3_uw1u65q9-67.png	refer-and-earn-title-mobile.png
https://uatnew.goldenpi.com/_next/static/media/refere-earn-desktop-share-button.2w9a_w6fh6vno.png	refere-earn-desktop-share-button.png
https://uatnew.goldenpi.com/_next/static/media/refere-earn-mobile-share-button.33uzecfbngo1p.png	refere-earn-mobile-share-button.png
https://uatnew.goldenpi.com/_next/static/media/samir.3prl-0bzwogxv.png	samir.png
https://uatnew.goldenpi.com/_next/static/media/sebi-badge.0k3vy7ku9uaot.webp	sebi-badge.webp
https://uatnew.goldenpi.com/_next/static/media/sebi-lg.34popuumco7ry.png	sebi-lg.png
https://uatnew.goldenpi.com/_next/static/media/sebi-regd.3pjgsah2nmb_v.png	sebi-regd.png
https://uatnew.goldenpi.com/_next/static/media/success.2vgbqf6u5jebc.svg	success.svg
https://uatnew.goldenpi.com/_next/static/media/support-1.1ukryx172lnja.svg	support-1.svg
https://uatnew.goldenpi.com/_next/static/media/traditonal-banks.3gw39vzmmqqr9.svg	traditonal-banks.svg
https://uatnew.goldenpi.com/_next/static/media/user-icon.1ytalgivehf56.svg	user-icon.svg
https://uatnew.goldenpi.com/_next/static/media/vision.0t0m0d2s_h85m.svg	vision.svg
https://uatnew.goldenpi.com/icons/fd/bank-fd.svg	bank-fd.svg
https://uatnew.goldenpi.com/icons/fd/nbfc-fd.svg	nbfc-fd.svg
https://uatnew.goldenpi.com/icons/fd/tax-saving-fd.svg	tax-saving-fd.svg
https://uatnew.goldenpi.com/icons/selected-tab.svg	selected-tab.svg
https://d35kx21znie3xm.cloudfront.net/images/SVG (1).png	SVG-1.png
https://goldenpi.com/assets/img/post-login-cfd.png	post-login-cfd.png
https://uatnew.goldenpi.com/_next/static/media/linkedin.18ceulbgvm3_-.jpg	linkedin.jpg
