https://d2zny4996dl67j.cloudfront.net/blogs/wp-content/uploads/2026/10/03175955/hdfc-bank-interest-rate-2026.png	hdfc-bank-interest-rate-2026
https://d2zny4996dl67j.cloudfront.net/blogs/wp-content/uploads/2026/09/30175913/The-FED-Ripple-Effect-_16x9.webp	The-FED-Ripple-Effect-_16x9
https://d2zny4996dl67j.cloudfront.net/blogs/wp-content/uploads/2026/09/29160242/2-Crore-FD-Interest-Per-Month.jpg	2-Crore-FD-Interest-Per-Month
https://d2zny4996dl67j.cloudfront.net/blogs/wp-content/uploads/2026/09/30153152/India-Sovereign-Green-Bonds.jpg	India-Sovereign-Green-Bonds
https://d2zny4996dl67j.cloudfront.net/blogs/wp-content/uploads/2026/09/30143136/Gold-Loan-NBFC-Bonds.jpg	Gold-Loan-NBFC-Bonds
https://d2zny4996dl67j.cloudfront.net/blogs/wp-content/uploads/2026/09/29164427/India-State-Firms-Pull-%E2%82%B966-Billion-Bond-Sales-as-Yields-Rise.jpg	India-State-Firms-Pull-66-Billion-Bond-Sales-as-Yields-Rise
https://d2zny4996dl67j.cloudfront.net/blogs/wp-content/uploads/2026/09/29163155/Indias-10-Year-Bond-Yield-.jpg	Indias-10-Year-Bond-Yield-
https://d2zny4996dl67j.cloudfront.net/blogs/wp-content/uploads/2026/09/29152333/Post-Office-Schemes-vd-Corporate-Bonds.jpg	Post-Office-Schemes-vd-Corporate-Bonds
https://d2zny4996dl67j.cloudfront.net/blogs/wp-content/uploads/2026/06/01142246/Step-up-Bonds-2-1.png	Step-up-Bonds-2-1
https://d2zny4996dl67j.cloudfront.net/blogs/wp-content/uploads/2026/05/15065028/Indias-Bloomberg-Bond-Index-inclusion.png	Indias-Bloomberg-Bond-Index-inclusion
https://d2zny4996dl67j.cloudfront.net/blogs/wp-content/uploads/2026/05/08110157/municipal_bonds_india_1160x550.jpg	municipal_bonds_india_1160x550
https://d2zny4996dl67j.cloudfront.net/blogs/wp-content/uploads/2026/09/18163606/Blog-banner-2%402x.png	Blog-banner-2-2x
https://d2zny4996dl67j.cloudfront.net/blogs/wp-content/uploads/2026/09/07193541/Muthoot-Fincorp-Limited-NCD-IPO-1.jpg	Muthoot-Fincorp-Limited-NCD-IPO-1
https://d2zny4996dl67j.cloudfront.net/blogs/wp-content/uploads/2026/08/12170012/Blog-banner.png	Blog-banner
https://d2zny4996dl67j.cloudfront.net/blogs/wp-content/uploads/2026/09/25121136/DIS-Delivery-Instructions.jpg	DIS-Delivery-Instructions
https://d2zny4996dl67j.cloudfront.net/blogs/wp-content/uploads/2026/09/24175704/Corporate-Debt-Issuances-in-H1-FY27.jpg	Corporate-Debt-Issuances-in-H1-FY27
https://d2zny4996dl67j.cloudfront.net/blogs/wp-content/uploads/2026/09/24171233/Puttable-NCDs-in-India.jpg	Puttable-NCDs-in-India
https://d2zny4996dl67j.cloudfront.net/blogs/wp-content/uploads/2026/09/22150212/Mortgage-Backed-Securities-1.jpg	Mortgage-Backed-Securities-1
https://d2zny4996dl67j.cloudfront.net/blogs/wp-content/uploads/2026/09/22125435/Bearer-Bonds-vs-Demat-Bonds.jpg	Bearer-Bonds-vs-Demat-Bonds
https://d2zny4996dl67j.cloudfront.net/blogs/wp-content/uploads/2026/06/17123936/Blog-Banner-7.png	Blog-Banner-7
https://d2zny4996dl67j.cloudfront.net/blogs/wp-content/uploads/2025/05/27123723/Yuan-Blog-Banner-copy-3-1.png	Yuan-Blog-Banner-copy-3-1
https://d2zny4996dl67j.cloudfront.net/blogs/wp-content/uploads/2026/06/01102523/Gemini_Generated_Image_30h7ve30h7ve30h7-1-1-scaled.png	Gemini_Generated_Image_30h7ve30h7ve30h7-1-1-scaled
https://d2zny4996dl67j.cloudfront.net/blogs/wp-content/uploads/2026/05/13100006/RBI-Rate-Cut-Cycle.png	RBI-Rate-Cut-Cycle
https://d2zny4996dl67j.cloudfront.net/blogs/wp-content/uploads/2026/05/12102957/step_up_vs_step_down_bonds_1160x550-1.jpg	step_up_vs_step_down_bonds_1160x550-1
https://d2zny4996dl67j.cloudfront.net/blogs/wp-content/uploads/2026/09/23151210/FICP%402x.png	FICP-2x
https://d2zny4996dl67j.cloudfront.net/blogs/wp-content/uploads/2026/07/15181552/Blog-Banner%402x-7-1.png	Blog-Banner-2x-7-1
https://d2zny4996dl67j.cloudfront.net/blogs/wp-content/uploads/2026/09/22132020/Premature-FD-withdrawal-Rules.jpg	Premature-FD-withdrawal-Rules
https://d2tfvseypdp8pf.cloudfront.net/assets/img/home-hero-section/coin-icon.png	coin-icon
https://d2tfvseypdp8pf.cloudfront.net/assets/img/home-hero-section/graph-icon.png	graph-icon
https://d2zny4996dl67j.cloudfront.net/blogs/wp-content/uploads/2026/07/10164806/CA-Rohit-Suhag-300x300.jpg	CA-Rohit-Suhag-300x300
